source_file,best_epoch,roc_auc,accuracy,balanced_accuracy,loss
TRAINING_ham10000_resnet50_baseline.csv,3,0.913564857970763,0.8710474308300395,0.8202847810849285,0.3027976471268141
TRAINING_siim_isic2020_resnet50_binary.csv,1,0.8668291829125336,0.925197415649677,0.7223430666516203,0.1703616759371432
