loss,roc_auc,accuracy,balanced_accuracy,epoch,train_loss
0.17036167593714324,0.8668291829125336,0.925197415649677,0.7223430666516203,1,0.3988868797195873
0.17522630444851525,0.8634264750249302,0.9381191672648959,0.7096045028591959,2,0.20064125440451294
0.12960299610963247,0.8490372236667257,0.9623833452979181,0.6215008532678662,3,0.07750916930057875
