loss,roc_auc,accuracy,balanced_accuracy,epoch,train_loss
0.4182027735022217,0.8569392356218432,0.7959486166007905,0.7705691286031202,1,0.4905242860138215
0.3554216137987823,0.8950461387269035,0.8364624505928854,0.7872795132490769,2,0.35629690531839375
0.3027976471268141,0.913564857970763,0.8710474308300395,0.8202847810849285,3,0.24556995645778945
